cod_mun;codigo;digito;cidade;estado;latitude;longitude;altitude
1100015;110001;5;alta floresta d'oeste;ro;-11,9355403;-61,9998239;350
1100023;110002;3;ariquemes;ro;-9,908462867;-63,03326928;142
1100031;110003;1;cabixi;ro;-13,49976346;-60,54431358;230
1100049;110004;9;cacoal;ro;-11,43386503;-61,44294421;200
1100056;110005;6;cerejeiras;ro;-13,19503303;-60,81842616;277
1100064;110006;4;colorado do oeste;ro;-13,13056384;-60,55506746;460
1100072;110007;2;corumbiara;ro;-12,99752024;-60,94870117;340
1100080;110008;0;costa marques;ro;-12,43601388;-64,23165394;140
1100098;110009;8;espigao d'oeste;ro;-11,52855463;-61,02017311;270
1100106;110010;6;guajara-mirim;ro;-10,77388374;-65,32395182;128
1100114;110011;4;jaru;ro;-10,43594877;-62,47623071;124
1100122;110012;2;ji-parana;ro;-10,88205132;-61,94509458;170
1100130;110013;0;machadinho d'oeste;ro;-9,42556248;-61,99959257;102
1100148;110014;8;nova brasilandia d'oeste;ro;-11,72132541;-62,30823016;320
1100155;110015;5;ouro preto do oeste;ro;-10,7235739;-62,26105519;280
1100189;110018;9;pimenta bueno;ro;-11,67753699;-61,18366567;195
1100205;110020;5;porto velho;ro;-8,76889179;-63,83144565;85
1100254;110025;4;presidente medici;ro;-11,17320502;-61,90943868;185
1100262;110026;2;rio crespo;ro;-9,70553671;-62,90001037;0
1100288;110028;8;rolim de moura;ro;-11,72225891;-61,78578094;290
1100296;110029;6;santa luzia d'oeste;ro;-11,90842333;-61,77330546;260
1100304;110030;4;vilhena;ro;-12,74137347;-60,13858387;600
1100320;110032;0;sao miguel do guapore;ro;-11,69948974;-62,72006348;205
1100338;110033;8;nova mamore;ro;-10,41177129;-65,32914902;134
1100346;110034;6;alvorada d'oeste;ro;-11,34413002;-62,27727487;224
1100379;110037;9;alto alegre dos parecis;ro;-12,13177722;-61,85307717;405
1100403;110040;3;alto paraiso;ro;-9,716666738;-63,31762943;0
1100452;110045;2;buritis;ro;-10,20980541;-63,82967879;200
1100502;110050;2;novo horizonte do oeste;ro;-11,70974292;-61,99438766;0
1100601;110060;1;cacaulandia;ro;-10,33887284;-62,90318993;205
1100700;110070;0;campo novo de rondonia;ro;-10,56841647;-63,62499143;0
1100809;110080;9;candeias do jamari;ro;-8,785020703;-63,70002007;0
1100908;110090;8;castanheiras;ro;-11,42684223;-61,9491612;190
1100924;110092;4;chupinguaia;ro;-12,55684076;-60,90184775;360
1100940;110094;0;cujubim;ro;-9,378193399;-62,58717453;95
1101005;110100;5;governador jorge teixeira;ro;-10,61207177;-62,74045764;190
1101104;110110;4;itapua do oeste;ro;-9,191871675;-63,18233702;0
1101203;110120;3;ministro andreazza;ro;-11,19623798;-61,51892193;400
1101302;110130;2;mirante da serra;ro;-11,04560929;-62,6694271;230
1101401;110140;1;monte negro;ro;-10,26309776;-63,29555917;0
1101435;110143;5;nova uniao;ro;-10,91553204;-62,5550894;250
1101450;110145;0;parecis;ro;-12,17982705;-61,59799797;355
1101468;110146;8;pimenteiras do oeste;ro;-13,476562;-61,044379;185
1101476;110147;6;primavera de rondonia;ro;-11,82570695;-61,31654624;210
1101484;110148;4;sao felipe d'oeste;ro;-11,91438935;-61,51250811;290
1101492;110149;2;sao francisco do guapore;ro;-12,06379841;-63,57086471;185
1101500;110150;0;seringueiras;ro;-11,76711664;-63,038761;0
1101559;110155;9;teixeiropolis;ro;-10,93216929;-62,25592225;260
1101609;110160;9;theobroma;ro;-10,24873055;-62,34514553;205
1101708;110170;8;urupa;ro;-11,12854528;-62,37063245;200
1101757;110175;7;vale do anari;ro;-9,851392708;-62,17682344;140
1101807;110180;7;vale do paraiso;ro;-10,43105268;-62,13439036;204
1200013;120001;3;acrelandia;ac;-10,07379389;-67,05231658;25
1200054;120005;4;assis brasil;ac;-10,94286568;-69,56345917;239
1200104;120010;4;brasileia;ac;-11,01641102;-68,74794343;172
1200138;120013;8;bujari;ac;-9,820019627;-67,95185928;50
1200179;120017;9;capixaba;ac;-10,56976771;-67,67350797;40
1200203;120020;3;cruzeiro do sul;ac;-7,630690005;-72,67253132;182
1200252;120025;2;epitaciolandia;ac;-11,02823983;-68,74486807;0
1200302;120030;2;feijo;ac;-8,16024753;-70,35398361;153
1200328;120032;8;jordao;ac;-9,19335786;-71,95087512;278
1200336;120033;6;mancio lima;ac;-7,593222594;-72,91650103;195
1200344;120034;4;manoel urbano;ac;-8,836317737;-69,25994458;162
1200351;120035;1;marechal thaumaturgo;ac;-8,953591123;-72,79026591;190
1200385;120038;5;placido de castro;ac;-10,33513328;-67,18826009;136
1200393;120039;3;porto walter;ac;-8,266666363;-72,74233396;195
1200401;120040;1;rio branco;ac;-9,978298753;-67,8105287;153
1200427;120042;7;rodrigues alves;ac;-7,733602034;-72,64785491;0
1200435;120043;5;santa rosa do purus;ac;-9,443406537;-70,48649689;25
1200450;120045;0;senador guiomard;ac;-10,14817359;-67,74317236;201
1200500;120050;0;sena madureira;ac;-9,065339505;-68,65568406;150
1200609;120060;9;tarauaca;ac;-8,155668592;-70,75550106;168
1200708;120070;8;xapuri;ac;-10,65207194;-68,50629481;150
1200807;120080;7;porto acre;ac;-9,600858231;-67,54059008;145
1300029;130002;9;alvaraes;am;-3,216583769;-64,81353468;75
1300060;130006;0;amatura;am;-3,366805188;-68,20961464;58
1300086;130008;6;anama;am;-3,576370427;-61,40590348;28
1300102;130010;2;anori;am;-3,745385586;-61,65895538;120
1300144;130014;4;apui;am;-7,197870152;-59,8856661;135
1300201;130020;1;atalaia do norte;am;-4,36615749;-70,18798928;65
1300300;130030;0;autazes;am;-3,578663642;-59,13356709;36
1300409;130040;9;barcelos;am;-0,972801053;-62,92566966;47
1300508;130050;8;barreirinha;am;-2,798149837;-57,06775049;19
1300607;130060;7;benjamin constant;am;-4,374989019;-70,02734843;65
1300631;130063;1;beruri;am;-3,89451341;-61,37157089;35
1300680;130068;0;boa vista do ramos;am;-2,971726532;-57,58770735;32
1300706;130070;6;boca do acre;am;-8,751243196;-67,39957776;116
1300805;130080;5;borba;am;-4,390619891;-59,59455902;45
1300839;130083;9;caapiranga;am;-3,330093392;-61,21133413;32
1300904;130090;4;canutama;am;-6,529106076;-64,39423082;55
1301001;130100;1;carauari;am;-4,881665904;-66,89663528;87
1301100;130110;0;careiro;am;-3,82244727;-60,36380984;27
1301159;130115;9;careiro da varzea;am;-3,197396595;-59,82631406;25
1301209;130120;9;coari;am;-4,084219159;-63,14218398;10
1301308;130130;8;codajas;am;-3,843045933;-62,06342966;47
1301407;130140;7;eirunepe;am;-6,667352567;-69,86629026;124
1301506;130150;6;envira;am;-7,439817544;-70,03041254;135
1301605;130160;5;fonte boa;am;-2,512270685;-66,09650299;62
1301654;130165;4;guajara;am;-7,547774415;-72,58243054;0
1301704;130170;4;humaita;am;-7,512224951;-63,02669802;58
1301803;130180;3;ipixuna;am;-7,050980114;-71,69441806;190
1301852;130185;2;iranduba;am;-3,281053878;-60,19338817;60
1301902;130190;2;itacoatiara;am;-3,140378804;-58,44017544;26
1301951;130195;1;itamarati;am;-6,437799349;-68,24791744;60
1302009;130200;9;itapiranga;am;-2,741842752;-58,03454588;43
1302108;130210;8;japura;am;-1,880844859;-66,99690349;50
1302207;130220;7;jurua;am;-3,474889599;-66,06304193;55
1302306;130230;6;jutai;am;-2,744646447;-66,77132755;48
1302405;130240;5;labrea;am;-7,261946553;-64,79477303;75
1302504;130250;4;manacapuru;am;-3,298278035;-60,62058945;60
1302553;130255;3;manaquiri;am;-3,429079669;-60,45888131;48
1302603;130260;3;manaus;am;-3,134691491;-60,02333518;92
1302702;130270;2;manicore;am;-5,813205261;-61,29924841;45
1302801;130280;1;maraa;am;-1,866436877;-65,5742837;50
1302900;130290;0;maues;am;-3,386427926;-57,71503439;25
1303007;130300;7;nhamunda;am;-2,188983767;-56,71676991;25
1303106;130310;6;nova olinda do norte;am;-3,887592832;-59,09307403;32
1303205;130320;5;novo airao;am;-2,623432459;-60,94881071;45
1303304;130330;4;novo aripuana;am;-5,122669314;-60,37704567;20
1303403;130340;3;parintins;am;-2,627052586;-56,73629215;27
1303502;130350;2;pauini;am;-7,714043644;-67,00209749;101
1303536;130353;6;presidente figueiredo;am;-2,058429085;-60,02564683;122
1303569;130356;9;rio preto da eva;am;-2,693301542;-59,70473809;47
1303601;130360;1;santa isabel do rio negro;am;-0,416694832;-65,02002264;60
1303700;130370;0;santo antonio do ica;am;-3,107486309;-67,94648514;91
1303809;130380;9;sao gabriel da cachoeira;am;-0,136462788;-67,0836429;132
1303908;130390;8;sao paulo de olivenca;am;-3,466509623;-68,94485349;102
1303957;130395;7;sao sebastiao do uatuma;am;-2,57015258;-57,87034636;24
1304005;130400;5;silves;am;-2,83642743;-58,21480086;46
1304062;130406;2;tabatinga;am;-4,231883676;-69,94624438;60
1304104;130410;4;tapaua;am;-5,624223518;-63,18709487;54
1304203;130420;3;tefe;am;-3,348372494;-64,70841966;75
1304237;130423;7;tonantins;am;-2,86109125;-67,77648228;55
1304260;130426;0;uarini;am;-2,983609243;-65,15534564;60
1304302;130430;2;urucara;am;-2,536611672;-57,75982817;26
1304401;130440;1;urucurituba;am;-3,134633116;-58,15964104;40
1400027;140002;7;amajari;rr;3,652118445;-61,42059017;100
1400050;140005;0;alto alegre;rr;2,993822948;-61,31402239;72
1400100;140010;0;boa vista;rr;2,816681919;-60,67053267;85
1400159;140015;9;bonfim;rr;3,350288619;-59,87800663;92
1400175;140017;5;canta;rr;2,607666398;-60,60206285;100
1400209;140020;9;caracarai;rr;1,803871247;-61,14917687;52
1400233;140023;3;caroebe;rr;0,872674507;-59,69481007;135
1400282;140028;2;iracema;rr;2,168214765;-61,05225859;80
1400308;140030;8;mucajai;rr;2,479772235;-60,91151853;70
1400407;140040;7;normandia;rr;3,882978285;-59,63520628;100
1400456;140045;6;pacaraima;rr;4,47525934;-61,14730635;920
1400472;140047;2;rorainopolis;rr;0,937195394;-60,42506049;98
1400506;140050;6;sao joao da baliza;rr;0,947157427;-59,90604435;255
1400605;140060;5;sao luiz;rr;1,018111627;-60,02826677;52
1400704;140070;4;uiramuta;rr;4,585440388;-60,19571615;0
1500107;150010;7;abaetetuba;pa;-1,723469863;-48,88440382;10
1500131;150013;1;abel figueiredo;pa;-4,951390896;-48,39676213;0
1500206;150020;6;acara;pa;-1,9634365;-48,20045643;25
1500305;150030;5;afua;pa;-0,159171694;-50,39142759;8
1500347;150034;7;agua azul do norte;pa;-6,804948867;-50,48527451;0
1500404;150040;4;alenquer;pa;-1,951397505;-54,74086235;52
1500503;150050;3;almeirim;pa;-1,527338803;-52,57683509;65
1500602;150060;2;altamira;pa;-3,20565951;-52,21437631;109
1500701;150070;1;anajas;pa;-0,984451394;-49,94500104;10
1500800;150080;0;ananindeua;pa;-1,368713568;-48,37206665;17
1500859;150085;9;anapu;pa;-3,476104635;-51,2016218;96
1500909;150090;9;augusto correa;pa;-1,02292101;-46,64164579;20
1500958;150095;8;aurora do para;pa;-2,129376013;-47,5561746;50
1501006;150100;6;aveiro;pa;-3,605595259;-55,33073439;28
1501105;150110;5;bagre;pa;-1,88980806;-50,22198692;31
1501204;150120;4;baiao;pa;-2,791961861;-49,67275337;30
1501253;150125;3;bannach;pa;-7,351072192;-50,40604712;420
1501303;150130;3;barcarena;pa;-1,505767005;-48,62707289;15
1501402;150140;2;belem;pa;-1,459845;-48,48782569;10
1501451;150145;1;belterra;pa;-2,649020169;-54,94267474;152
1501501;150150;1;benevides;pa;-1,361437515;-48,24183645;28
1501576;150157;6;bom jesus do tocantins;pa;-5,047362704;-48,59903996;175
1501600;150160;0;bonito;pa;-1,367474357;-47,30589182;49
1501709;150170;9;braganca;pa;-1,053523956;-46,76575421;19
1501725;150172;5;brasil novo;pa;-3,297803704;-52,54344119;0
1501758;150175;8;brejo grande do araguaia;pa;-5,707296154;-48,40576042;110
1501782;150178;2;breu branco;pa;-3,778135413;-49,56987968;0
1501808;150180;8;breves;pa;-1,6907365;-50,4808948;40
1501907;150190;7;bujaru;pa;-1,513991462;-48,03587501;10
1501956;150195;6;cachoeira do piria;pa;-1,752897005;-46,54739142;0
1502004;150200;4;cachoeira do arari;pa;-1,008786266;-48,96066758;20
1502103;150210;3;cameta;pa;-2,24683848;-49,49783017;150
1502152;150215;2;canaa dos carajas;pa;-6,532196616;-49,84895843;210
1502202;150220;2;capanema;pa;-1,192441995;-47,17512612;24
1502301;150230;1;capitao poco;pa;-1,746187293;-47,06282538;73
1502400;150240;0;castanhal;pa;-1,295756805;-47,92664314;41
1502509;150250;9;chaves;pa;-0,16243729;-49,98931861;6
1502608;150260;8;colares;pa;-0,932091244;-48,28872843;15
1502707;150270;7;conceicao do araguaia;pa;-8,26486353;-49,26450081;165
1502756;150275;6;concordia do para;pa;-1,984521463;-47,94988694;440
1502764;150276;4;cumaru do norte;pa;-7,811106537;-50,77157838;299
1502772;150277;2;curionopolis;pa;-6,096819952;-49,60221422;180
1502806;150280;6;curralinho;pa;-1,80942342;-49,79152285;15
1502855;150285;5;curua;pa;-1,889928704;-55,11967861;0
1502905;150290;5;curuca;pa;-0,73249551;-47,85126509;37
1502939;150293;9;dom eliseu;pa;-4,29077772;-47,55591489;180
1502954;150295;4;eldorado dos carajas;pa;-6,103525161;-49,37395194;140
1503002;150300;2;faro;pa;-2,172975242;-56,74575302;31
1503044;150304;4;floresta do araguaia;pa;-7,558700872;-49,69757841;190
1503077;150307;7;garrafao do norte;pa;-1,931697043;-47,04504602;56
1503093;150309;3;goianesia do para;pa;-3,842468;-49,10104492;103
1503101;150310;1;gurupa;pa;-1,404918;-51,64369572;20
1503200;150320;0;igarape-acu;pa;-1,124322;-47,62237549;50
1503309;150330;9;igarape-miri;pa;-1,983116;-48,96229947;17
1503408;150340;8;inhangapi;pa;-1,426581981;-47,91339275;35
1503457;150345;7;ipixuna do para;pa;-2,5575285;-47,49971759;50
1503507;150350;7;irituia;pa;-1,771474995;-47,44075561;25
1503606;150360;6;itaituba;pa;-4,26372948;-55,99004886;15
1503705;150370;5;itupiranga;pa;-5,128837026;-49,32442586;89
1503754;150375;4;jacareacanga;pa;-6,223551731;-57,76633986;70
1503804;150380;4;jacunda;pa;-4,448405475;-49,11278156;108
1503903;150390;3;juruti;pa;-2,155252995;-56,09499769;36
1504000;150400;0;limoeiro do ajuru;pa;-1,8919485;-49,3815339;28
1504059;150405;9;mae do rio;pa;-2,047707441;-47,55229018;25
1504109;150410;9;magalhaes barata;pa;-0,795850156;-47,5991819;50
1504208;150420;8;maraba;pa;-5,352605763;-49,14202533;84
1504307;150430;7;maracana;pa;-0,76241946;-47,45526796;45
1504406;150440;6;marapanim;pa;-0,712150996;-47,70254875;40
1504422;150442;2;marituba;pa;-1,346417266;-48,34053588;18
1504455;150445;5;medicilandia;pa;-3,445417412;-52,88834535;151
1504505;150450;5;melgaco;pa;-1,803446699;-50,7174647;12
1504604;150460;4;mocajuba;pa;-2,582872973;-49,50902346;30
1504703;150470;3;moju;pa;-1,885889;-48,76719913;16
1504752;150475;2;mojui dos campos;pa;-2,68472222;-54,64305556;84
1504802;150480;2;monte alegre;pa;-2,003328;-54,07337473;38
1504901;150490;1;muana;pa;-1,530026208;-49,21683244;22
1504950;150495;0;nova esperanca do piria;pa;-2,267625989;-46,96209288;0
1504976;150497;6;nova ipixuna;pa;-4,923086307;-49,07988694;118
1505007;150500;7;nova timboteua;pa;-1,204143647;-47,39320228;51
1505031;150503;1;novo progresso;pa;-7,034835913;-55,41987012;240
1505064;150506;4;novo repartimento;pa;-4,2481485;-49,94863824;0
1505106;150510;6;obidos;pa;-1,909235496;-55,51632351;45
1505205;150520;5;oeiras do para;pa;-2,004734;-49,85510611;2
1505304;150530;4;oriximina;pa;-1,7637535;-55,86279952;46
1505403;150540;3;ourem;pa;-1,548947142;-47,11761936;40
1505437;150543;7;ourilandia do norte;pa;-6,740617086;-51,09083277;280
1505486;150548;6;pacaja;pa;-3,830305704;-50,63484083;105
1505494;150549;4;palestina do para;pa;-5,749934106;-48,32179373;0
1505502;150550;2;paragominas;pa;-2,9941905;-47,35696156;90
1505536;150553;6;parauapebas;pa;-6,072729888;-49,90078063;18
1505551;150555;1;pau d'arco;pa;-7,836794404;-50,04827553;0
1505601;150560;1;peixe-boi;pa;-1,189569241;-47,31792702;34
1505635;150563;5;picarra;pa;-6,453676235;-48,86840067;215
1505650;150565;0;placas;pa;-3,867315562;-54,21696813;95
1505700;150570;0;ponta de pedras;pa;-1,396599998;-48,87178556;10
1505809;150580;9;portel;pa;-1,936451;-50,82249044;19
1505908;150590;8;porto de moz;pa;-1,746090089;-52,24247692;15
1506005;150600;5;prainha;pa;-1,8056945;-53,48181394;70
1506104;150610;4;primavera;pa;-0,940111516;-47,11725126;48
1506112;150611;2;quatipuru;pa;-0,900115854;-47,00678699;29
1506138;150613;8;redencao;pa;-8,0276045;-50,02964183;227
1506161;150616;1;rio maria;pa;-7,311115245;-50,04641088;205
1506187;150618;7;rondon do para;pa;-4,777821727;-48,06997375;195
1506195;150619;5;ruropolis;pa;-4,09906539;-54,90586226;170
1506203;150620;3;salinopolis;pa;-0,623638;-47,35312026;21
1506302;150630;2;salvaterra;pa;-0,754525974;-48,5131866;5
1506351;150635;1;santa barbara do para;pa;-1,229439467;-48,29774065;21
1506401;150640;1;santa cruz do arari;pa;-0,659974126;-49,17161557;6
1506500;150650;0;santa izabel do para;pa;-1,297395901;-48,16305994;24
1506559;150655;9;santa luzia do para;pa;-1,518827891;-46,9061692;0
1506583;150658;3;santa maria das barreiras;pa;-8,87055054;-49,71935186;150
1506609;150660;9;santa maria do para;pa;-1,347866459;-47,57469541;51
1506708;150670;8;santana do araguaia;pa;-9,329424525;-50,34480432;160
1506807;150680;7;santarem;pa;-2,43621333;-54,71857017;51
1506906;150690;6;santarem novo;pa;-0,928719536;-47,40092474;30
1507003;150700;3;santo antonio do taua;pa;-1,1516925;-48,13243307;17
1507102;150710;2;sao caetano de odivelas;pa;-0,74661776;-48,0258055;5
1507151;150715;1;sao domingos do araguaia;pa;-5,549841;-48,72037341;130
1507201;150720;1;sao domingos do capim;pa;-1,6758145;-47,77478457;20
1507300;150730;0;sao felix do xingu;pa;-6,642483278;-51,99378252;220
1507409;150740;9;sao francisco do para;pa;-1,170188785;-47,79051461;46
1507458;150745;8;sao geraldo do araguaia;pa;-6,39895797;-48,55571249;145
1507466;150746;6;sao joao da ponta;pa;-0,851002145;-47,92072417;34
1507474;150747;4;sao joao de pirabas;pa;-0,766442532;-47,1726743;35
1507508;150750;8;sao joao do araguaia;pa;-5,359002724;-48,7886334;99
1507607;150760;7;sao miguel do guama;pa;-1,617135914;-47,48240894;10
1507706;150770;6;sao sebastiao da boa vista;pa;-1,7188505;-49,53231217;2
1507755;150775;5;sapucaia;pa;-6,942857113;-49,70358071;190
1507805;150780;5;senador jose porfirio;pa;-2,594850418;-51,95305642;20
1507904;150790;4;soure;pa;-0,7259255;-48,51601266;10
1507953;150795;3;tailandia;pa;-2,9370795;-48,95128163;460
1507961;150796;1;terra alta;pa;-1,034826664;-47,90780835;35
1507979;150797;9;terra santa;pa;-2,108114474;-56,49090477;18
1508001;150800;1;tome-acu;pa;-2,419366855;-48,14689659;45
1508035;150803;5;tracuateua;pa;-1,068784059;-46,89947834;20
1508050;150805;0;trairao;pa;-4,69981915;-55,99617003;105
1508084;150808;4;tucuma;pa;-6,749972007;-51,13953925;34
1508100;150810;0;tucurui;pa;-3,766889084;-49,66718437;42
1508126;150812;6;ulianopolis;pa;-3,75719301;-47,50314475;130
1508159;150815;9;uruara;pa;-3,7065285;-53,73703105;129
1508209;150820;9;vigia;pa;-0,855532574;-48,14149859;6
1508308;150830;8;viseu;pa;-1,203278527;-46,13876522;15
1508357;150835;7;vitoria do xingu;pa;-2,88376571;-52,01126035;0
1508407;150840;7;xinguara;pa;-7,101512827;-49,94270058;279
1600055;160005;5;serra do navio;ap;0,897841041;-52,00353844;0
1600105;160010;5;amapa;ap;2,053921245;-50,79321447;8
1600154;160015;4;pedra branca do amapari;ap;0,776882861;-51,94659427;0
1600204;160020;4;calcoene;ap;2,496559045;-50,94477273;12
1600212;160021;2;cutias;ap;0,971078055;-50,80162603;0
1600238;160023;8;ferreira gomes;ap;0,853977393;-51,18742905;50
1600253;160025;3;itaubal;ap;0,600653288;-50,70017944;27
1600279;160027;9;laranjal do jari;ap;-0,8556645;-52,53902074;22
1600303;160030;3;macapa;ap;0,03895101;-51,05740546;16
1600402;160040;2;mazagao;ap;-0,124396329;-51,28607686;60
1600501;160050;1;oiapoque;ap;3,851130733;-51,83055256;10
1600535;160053;5;porto grande;ap;0,712554702;-51,41444882;60
1600550;160055;0;pracuuba;ap;1,742508487;-50,78425372;0
1600600;160060;0;santana;ap;-0,038373479;-51,17284647;15
1600709;160070;9;tartarugalzinho;ap;1,50984824;-50,91278615;13
1600808;160080;8;vitoria do jari;ap;-0,918977089;-52,41961478;0
1700251;170025;1;abreulandia;to;-9,621790712;-49,16243756;245
1700301;170030;1;aguiarnopolis;to;-6,547170821;-47,47045659;150
1700350;170035;0;alianca do tocantins;to;-11,30374305;-48,94124002;333
1700400;170040;0;almas;to;-11,57452347;-47,17417168;397
1700707;170070;7;alvorada;to;-12,47881532;-49,12681141;289
1701002;170100;2;ananas;to;-6,362818154;-48,07976461;220
1701051;170105;1;angico;to;-6,38775275;-47,86207784;290
1701101;170110;1;aparecida do rio negro;to;-9,955877715;-47,97667001;265
1701309;170130;9;aragominas;to;-7,164349271;-48,52343019;345
1701903;170190;3;araguacema;to;-8,801802544;-49,56181264;159
1702000;170200;0;araguacu;to;-12,92558371;-49,82861244;278
1702109;170210;9;araguaina;to;-7,19132894;-48,20870525;227
1702158;170215;8;araguana;to;-6,58224942;-48,64374955;142
1702208;170220;8;araguatins;to;-5,650586473;-48,12350734;103
1702307;170230;7;arapoema;to;-7,652569735;-49,07563739;221
1702406;170240;6;arraias;to;-12,93441986;-46,94610706;682
1702554;170255;4;augustinopolis;to;-5,465414296;-47,88095679;145
1702703;170270;3;aurora do tocantins;to;-12,70848986;-46,40708298;468
1702901;170290;1;axixa do tocantins;to;-5,624309066;-47,77415603;210
1703008;170300;8;babaculandia;to;-7,201864532;-47,75881613;178
1703057;170305;7;bandeirantes do tocantins;to;-7,764859141;-48,5783806;288
1703073;170307;3;barra do ouro;to;-7,691766599;-47,68713497;161
1703107;170310;7;barrolandia;to;-9,831653365;-48,73146059;361
1703206;170320;6;bernardo sayao;to;-7,868512483;-48,89905435;149
1703305;170330;5;bom jesus do tocantins;to;-8,963348013;-48,16638049;204
1703602;170360;2;brasilandia do tocantins;to;-8,384889351;-48,48537442;224
1703701;170370;1;brejinho de nazare;to;-11,01080506;-48,55866023;247
1703800;170380;0;buriti do tocantins;to;-5,313538856;-48,22325013;198
1703826;170382;6;cachoeirinha;to;-6,113241647;-47,91419778;190
1703842;170384;2;campos lindos;to;-7,971681394;-46,80197435;0
1703867;170386;7;cariri do tocantins;to;-11,88899746;-49,17104073;295
1703883;170388;3;carmolandia;to;-7,031478778;-48,39595993;0
1703891;170389;1;carrasco bonito;to;-5,322661355;-48,03063343;285
1703909;170390;9;caseara;to;-9,267406219;-49,94869227;174
1704105;170410;5;centenario;to;-8,958463639;-47,33839851;0
1704600;170460;0;chapada de areia;to;-10,14198858;-49,18310786;240
1705102;170510;2;chapada da natividade;to;-11,62426783;-47,75390489;365
1705508;170550;8;colinas do tocantins;to;-8,054624675;-48,48159454;227
1705557;170555;7;combinado;to;-12,81860767;-46,55207234;383
1705607;170560;7;conceicao do tocantins;to;-12,21727777;-47,29286881;400
1706001;170600;1;couto magalhaes;to;-8,35511837;-49,17657157;150
1706100;170610;0;cristalandia;to;-10,59072464;-49,18630029;286
1706258;170625;8;crixas do tocantins;to;-11,10427429;-48,91551383;250
1706506;170650;6;darcinopolis;to;-6,712351001;-47,75216111;0
1707009;170700;9;dianopolis;to;-11,62523188;-46,82040907;693
1707108;170710;8;divinopolis do tocantins;to;-9,79530114;-49,20541319;270
1707207;170720;7;dois irmaos do tocantins;to;-9,26129671;-49,06733864;241
1707306;170730;6;duere;to;-11,34128542;-49,26587592;235
1707405;170740;5;esperantina;to;-5,366608059;-48,5441476;0
1707553;170755;3;fatima;to;-10,75250873;-48,89898266;342
1707652;170765;2;figueiropolis;to;-12,13677998;-49,17384673;291
1707702;170770;2;filadelfia;to;-7,337611906;-47,48496414;169
1708205;170820;5;formoso do araguaia;to;-11,80514197;-49,52686036;240
1708254;170825;4;fortaleza do tabocao;to;-9,058965301;-48,51742642;0
1708304;170830;4;goianorte;to;-8,770520805;-48,93689019;256
1709005;170900;5;goiatins;to;-7,70917239;-47,31543549;192
1709302;170930;2;guarai;to;-8,836165658;-48,50864061;259
1709500;170950;0;gurupi;to;-11,72977232;-49,07147747;287
1709807;170980;7;ipueiras;to;-11,24628862;-48,45192623;237
1710508;171050;8;itacaja;to;-8,390980552;-47,7681124;196
1710706;171070;6;itaguatins;to;-5,775385088;-47,47993595;130
1710904;171090;4;itapiratins;to;-8,384329593;-48,11119961;160
1711100;171110;0;itapora do tocantins;to;-8,568828612;-48,6932637;350
1711506;171150;6;jau do tocantins;to;-12,65292637;-48,59460829;365
1711803;171180;3;juarina;to;-8,117423968;-49,09864319;180
1711902;171190;2;lagoa da confusao;to;-10,78869556;-49,62008534;0
1711951;171195;1;lagoa do tocantins;to;-10,2968867;-47,56144663;0
1712009;171200;9;lajeado;to;-9,744682436;-48,35850395;202
1712157;171215;7;lavandeira;to;-12,79165879;-46,50667572;330
1712405;171240;5;lizarda;to;-9,594570288;-46,67516546;423
1712454;171245;4;luzinopolis;to;-6,19398966;-47,85682804;250
1712504;171250;4;marianopolis do tocantins;to;-9,798880359;-49,65103399;146
1712702;171270;2;mateiros;to;-10,54442885;-46,41246574;493
1712801;171280;1;maurilandia do tocantins;to;-5,952566421;-47,50487996;0
1713205;171320;5;miracema do tocantins;to;-9,568346078;-48,38799131;197
1713304;171330;4;miranorte;to;-9,517404731;-48,59263194;222
1713601;171360;1;monte do carmo;to;-10,76354219;-48,11042003;295
1713700;171370;0;monte santo do tocantins;to;-10,00559143;-48,9908906;280
1713809;171380;9;palmeiras do tocantins;to;-6,611862335;-47,55868353;0
1713957;171395;7;muricilandia;to;-7,138519285;-48,60674528;190
1714203;171420;3;natividade;to;-11,70535738;-47,72725753;323
1714302;171430;2;nazare;to;-6,372557969;-47,66697718;240
1714880;171488;0;nova olinda;to;-7,633314911;-48,42480679;257
1715002;171500;2;nova rosalandia;to;-10,56687114;-48,90618072;255
1715101;171510;1;novo acordo;to;-9,968486466;-47,66814839;205
1715150;171515;0;novo alegre;to;-12,90993867;-46,57729735;539
1715259;171525;9;novo jardim;to;-11,81587505;-46,6307873;0
1715507;171550;7;oliveira de fatima;to;-10,70836271;-48,90740157;302
1715705;171570;5;palmeirante;to;-7,857561376;-47,93424971;140
1715754;171575;4;palmeiropolis;to;-13,03988843;-48,41341396;438
1716109;171610;9;paraiso do tocantins;to;-10,17122075;-48,88663008;387
1716208;171620;8;parana;to;-12,62048149;-47,88408373;274
1716307;171630;7;pau d'arco;to;-7,539998356;-49,36330648;0
1716505;171650;5;pedro afonso;to;-8,964449592;-48,17755611;201
1716604;171660;4;peixe;to;-12,02977383;-48,53781063;240
1716653;171665;3;pequizeiro;to;-8,593340654;-48,93517987;283
1716703;171670;3;colmeia;to;-8,729371807;-48,75706659;362
1717008;171700;8;pindorama do tocantins;to;-11,13820258;-47,57568772;429
1717206;171720;6;piraque;to;-6,769777033;-48,29370739;186
1717503;171750;3;pium;to;-10,44093112;-49,16665801;249
1717800;171780;0;ponte alta do bom jesus;to;-12,08781291;-46,46958679;512
1717909;171790;9;ponte alta do tocantins;to;-10,74067285;-47,54118036;294
1718006;171800;6;porto alegre do tocantins;to;-11,6072591;-47,0474256;387
1718204;171820;4;porto nacional;to;-10,70856992;-48,41215346;212
1718303;171830;3;praia norte;to;-5,396712877;-47,81473173;122
1718402;171840;2;presidente kennedy;to;-8,529960828;-48,50433067;247
1718451;171845;1;pugmil;to;-10,42430716;-48,89422045;340
1718501;171850;1;recursolandia;to;-8,735360454;-47,2380412;0
1718550;171855;0;riachinho;to;-6,442211388;-48,1410455;160
1718659;171865;9;rio da conceicao;to;-11,40494002;-46,8803997;496
1718709;171870;9;rio dos bois;to;-9,343742239;-48,53304797;230
1718758;171875;8;rio sono;to;-9,347789334;-47,89994164;196
1718808;171880;8;sampaio;to;-5,349295616;-47,87579246;115
1718840;171884;0;sandolandia;to;-12,54160017;-49,93338815;0
1718865;171886;5;santa fe do araguaia;to;-7,149936385;-48,6939418;190
1718881;171888;1;santa maria do tocantins;to;-8,774976449;-47,74527042;310
1718899;171889;9;santa rita do tocantins;to;-10,86645537;-48,90929401;280
1718907;171890;7;santa rosa do tocantins;to;-11,451404;-48,11995422;310
1719004;171900;4;santa tereza do tocantins;to;-10,28236153;-47,80628832;263
1720002;172000;2;santa terezinha do tocantins;to;-6,436997618;-47,68428536;250
1720101;172010;1;sao bento do tocantins;to;-6,044999257;-47,91939229;230
1720150;172015;0;sao felix do tocantins;to;-10,17328585;-46,65498083;0
1720200;172020;0;sao miguel do tocantins;to;-5,553819529;-47,57300234;160
1720259;172025;9;sao salvador do tocantins;to;-12,74743341;-48,23208499;120
1720309;172030;9;sao sebastiao do tocantins;to;-5,258961454;-48,20383415;105
1720499;172049;9;sao valerio;to;-11,97306746;-48,23294843;360
1720655;172065;5;silvanopolis;to;-11,14986131;-48,17982414;269
1720804;172080;4;sitio novo do tocantins;to;-5,604726857;-47,63742265;200
1720853;172085;3;sucupira;to;-11,98622151;-48,91112628;250
1720903;172090;3;taguatinga;to;-12,39614174;-46,4387317;599
1720937;172093;7;taipas do tocantins;to;-12,19283721;-46,9845718;407
1720978;172097;8;talisma;to;-12,78753841;-49,09111843;270
1721000;172100;0;palmas;to;-10,16325333;-48,35104371;230
1721109;172110;9;tocantinia;to;-9,558147734;-48,37587967;202
1721208;172120;8;tocantinopolis;to;-6,325634376;-47,42741293;134
1721257;172125;7;tupirama;to;-8,980569549;-48,2066848;202
1721307;172130;7;tupiratins;to;-8,395529997;-48,12299574;160
1722081;172208;1;wanderlandia;to;-6,850125517;-47,95626773;257
1722107;172210;7;xambioa;to;-6,41188502;-48,53160107;141
2100055;210005;5;acailandia;ma;-4,951377;-47,50666459;240
2100204;210020;4;alcantara;ma;-2,403276525;-44,41701254;32
2100402;210040;2;altamira do maranhao;ma;-4,162269267;-45,46467583;0
2100436;210043;6;alto alegre do maranhao;ma;-4,207227;-44,44824749;50
2100477;210047;7;alto alegre do pindare;ma;-3,665170374;-45,84207962;0
2100501;210050;1;alto parnaiba;ma;-9,108365932;-45,92734401;282
2100550;210055;0;amapa do maranhao;ma;-1,680921495;-46,0091799;0
2100600;210060;0;amarante do maranhao;ma;-5,557662;-46,75063755;249
2100709;210070;9;anajatuba;ma;-3,257554842;-44,62067003;9
2100832;210083;2;apicum-acu;ma;-1,530591578;-45,07665207;0
2100873;210087;3;araguana;ma;-2,949125623;-45,66879448;0
2100956;210095;6;arame;ma;-4,886081505;-46,01363628;10
2101004;210100;4;arari;ma;-3,45917097;-44,77883465;7
2101103;210110;3;axixa;ma;-2,837796837;-44,05458581;27
2101202;210120;2;bacabal;ma;-4,23152463;-44,78155596;21
2101251;210125;1;bacabeira;ma;-2,985824779;-44,31542299;44
2101350;210135;0;bacurituba;ma;-2,710871977;-44,73574201;15
2101400;210140;0;balsas;ma;-7,53116999;-46,03899267;247
2101608;210160;8;barra do corda;ma;-5,5083395;-45,23901102;83
2101772;210177;2;bela vista do maranhao;ma;-3,73773325;-45,24824588;0
2101806;210180;6;benedito leite;ma;-7,218799795;-44,5598568;173
2101905;210190;5;bequimao;ma;-2,462062995;-44,78573016;17
2101939;210193;9;bernardo do mearim;ma;-4,630287491;-44,7643231;0
2101970;210197;0;boa vista do gurupi;ma;-1,793296136;-46,29871005;0
2102002;210200;2;bom jardim;ma;-3,544160978;-45,60188939;40
2102036;210203;6;bom jesus das selvas;ma;-4,489968353;-46,85324122;0
2102077;210207;7;bom lugar;ma;-4,375509601;-45,03110786;0
2102150;210215;0;brejo de areia;ma;-4,330629897;-45,58209527;0
2102309;210230;9;buriti bravo;ma;-5,835288132;-43,83562154;227
2102325;210232;5;buriticupu;ma;-4,325947726;-46,45149532;0
2102358;210235;8;buritirana;ma;-5,588915142;-47,01722509;250
2102374;210237;4;cachoeira grande;ma;-2,931921039;-44,05968502;48
2102408;210240;8;cajapio;ma;-2,882882203;-44,67337716;18
2102507;210250;7;cajari;ma;-3,323868831;-45,00796533;13
2102556;210255;6;campestre do maranhao;ma;-6,164716646;-47,36763286;100
2102606;210260;6;candido mendes;ma;-1,453889109;-45,73726837;10
2102705;210270;5;cantanhede;ma;-3,628364312;-44,38181614;25
2102754;210275;4;capinzal do norte;ma;-4,721245389;-44,33043625;132
2102804;210280;4;carolina;ma;-7,330783005;-47,4700918;167
2102903;210290;3;carutapera;ma;-1,200602;-46,02315083;26
2103109;210310;9;cedral;ma;-1,997915926;-44,53078953;30
2103125;210312;5;central do maranhao;ma;-2,191313908;-44,8318437;45
2103158;210315;8;centro do guilherme;ma;-2,456985082;-46,03996011;0
2103174;210317;4;centro novo do maranhao;ma;-2,144291699;-46,12840895;0
2103257;210325;7;cidelandia;ma;-5,177421047;-47,78423278;241
2103307;210330;7;codo;ma;-4,4513375;-43,88608024;47
2103505;210350;5;colinas;ma;-6,02736552;-44,24978023;141
2103554;210355;4;conceicao do lago-acu;ma;-3,841118458;-44,90301591;21
2103604;210360;4;coroata;ma;-4,128976;-44,1255992;35
2103703;210370;3;cururupu;ma;-1,825520781;-44,86776162;12
2103752;210375;2;davinopolis;ma;-5,534456216;-47,40499639;180
2103802;210380;2;dom pedro;ma;-5,038447635;-44,44000991;142
2104008;210400;8;esperantinopolis;ma;-4,870300897;-44,8860687;90
2104057;210405;7;estreito;ma;-6,56808498;-47,44788299;153
2104073;210407;3;feira nova do maranhao;ma;-6,963135541;-46,68735522;331
2104081;210408;1;fernando falcao;ma;-6,154978463;-44,9107074;210
2104099;210409;9;formosa da serra negra;ma;-6,435304106;-46,18635701;288
2104107;210410;7;fortaleza dos nogueiras;ma;-6,965926087;-46,18555754;430
2104206;210420;6;fortuna;ma;-5,736224132;-44,16062843;215
2104305;210430;5;godofredo viana;ma;-1,409800187;-45,77175481;10
2104404;210440;4;goncalves dias;ma;-5,143955569;-44,30590654;140
2104503;210450;3;governador archer;ma;-5,025387824;-44,27575653;145
2104552;210455;2;governador edison lobao;ma;-5,747411739;-47,36893584;208
2104602;210460;2;governador eugenio barros;ma;-5,322491002;-44,24696265;145
2104628;210462;8;governador luiz rocha;ma;-5,472864685;-44,07088734;119
2104651;210465;1;governador newton bello;ma;-3,42970472;-45,6745018;0
2104677;210467;7;governador nunes freire;ma;-2,13496236;-45,88148113;0
2104701;210470;1;graca aranha;ma;-5,404821213;-44,33579126;192
2104800;210480;0;grajau;ma;-5,818548431;-46,14239564;172
2104909;210490;9;guimaraes;ma;-2,135077158;-44,59774646;41
2105104;210510;4;icatu;ma;-2,774827863;-44,06584847;12
2105153;210515;3;igarape do meio;ma;-3,636708522;-45,1833277;0
2105203;210520;3;igarape grande;ma;-4,660853806;-44,86740335;80
2105302;210530;2;imperatriz;ma;-5,526524025;-47,47981081;116
2105351;210535;1;itaipava do grajau;ma;-5,144582262;-45,7926825;110
2105401;210540;1;itapecuru mirim;ma;-3,39904548;-44,35426339;20
2105427;210542;7;itinga do maranhao;ma;-4,455003998;-47,52790996;200
2105450;210545;0;jatoba;ma;-5,819666937;-44,21991477;190
2105476;210547;6;jenipapo dos vieiras;ma;-5,369424926;-45,63337911;150
2105500;210550;0;joao lisboa;ma;-5,453662942;-47,40503615;291
2105609;210560;9;joselandia;ma;-4,972693329;-44,69915256;60
2105658;210565;8;junco do maranhao;ma;-1,874609598;-46,07072607;0
2105708;210570;8;lago da pedra;ma;-4,564744515;-45,12589136;95
2105807;210580;7;lago do junco;ma;-4,607643218;-45,05134439;90
2105906;210590;6;lago verde;ma;-4,038711295;-44,93763523;16
2105948;210594;8;lago dos rodrigues;ma;-4,612375777;-44,97644233;0
2105963;210596;3;lagoa grande do maranhao;ma;-4,993123737;-45,39061428;0
2105989;210598;9;lajeado novo;ma;-6,191609227;-47,03244752;100
2106003;210600;3;lima campos;ma;-4,517045987;-44,46934033;82
2106102;210610;2;loreto;ma;-7,094454165;-45,13924164;193
2106201;210620;1;luis domingues;ma;-1,325460244;-45,89533199;5
2106326;210632;6;maracacume;ma;-2,05616455;-45,95863904;0
2106359;210635;9;maraja do sena;ma;-4,620313324;-45,45723765;0
2106375;210637;5;maranhaozinho;ma;-2,235616992;-45,85561145;0
2106508;210650;8;matinha;ma;-3,09840003;-45,03642894;39
2106631;210663;1;matoes do norte;ma;-3,62751878;-44,55024451;30
2106706;210670;6;mirador;ma;-6,377565695;-44,36260979;186
2106755;210675;5;miranda do norte;ma;-3,562644774;-44,58427569;62
2106805;210680;5;mirinzal;ma;-2,064224192;-44,78575599;31
2106904;210690;4;moncao;ma;-3,49393248;-45,24758467;14
2107001;210700;1;montes altos;ma;-5,828562504;-47,07043951;244
2107100;210710;0;morros;ma;-2,861478953;-44,04454454;38
2107209;210720;9;nina rodrigues;ma;-3,462464289;-43,90448476;15
2107258;210725;8;nova colinas;ma;-7,120566004;-46,25932522;400
2107308;210730;8;nova iorque;ma;-6,733203306;-44,04862673;178
2107357;210735;7;nova olinda do maranhao;ma;-2,799886544;-45,70453604;0
2107407;210740;7;olho d'agua das cunhas;ma;-4,13727593;-45,11957962;30
2107456;210745;6;olinda nova do maranhao;ma;-2,997477615;-45,00323537;28
2107506;210750;6;paco do lumiar;ma;-2,528063;-44,09869235;16
2107605;210760;5;palmeirandia;ma;-2,647774278;-44,90446389;20
2107704;210770;4;paraibano;ma;-6,431825414;-43,98576205;282
2108009;210800;9;pastos bons;ma;-6,604027732;-44,08860251;309
2108108;210810;8;paulo ramos;ma;-4,447956766;-45,23998;70
2108207;210820;7;pedreiras;ma;-4,569350688;-44,60373488;0
2108256;210825;6;pedro do rosario;ma;-2,968114673;-45,34645373;38
2108306;210830;6;penalva;ma;-3,293233318;-45,17646169;17
2108405;210840;5;peri mirim;ma;-2,573054649;-44,8502907;11
2108454;210845;4;peritoro;ma;-4,370225118;-44,32585352;53
2108504;210850;4;pindare-mirim;ma;-3,605500575;-45,34686792;19
2108603;210860;3;pinheiro;ma;-2,5227405;-45,0839266;15
2108702;210870;2;pio xii;ma;-3,88758753;-45,16996039;0
2108801;210880;1;pirapemas;ma;-3,725329066;-44,22828088;39
2108900;210890;0;pocao de pedras;ma;-4,750025211;-44,9515514;90
2109007;210900;7;porto franco;ma;-6,354181864;-47,3821649;162
2109056;210905;6;porto rico do maranhao;ma;-1,857223215;-44,58374789;0
2109106;210910;6;presidente dutra;ma;-5,282374258;-44,49291886;112
2109205;210920;5;presidente juscelino;ma;-2,928229246;-44,07677942;15
2109239;210923;9;presidente medici;ma;-2,383664047;-45,82070865;0
2109270;210927;0;presidente sarney;ma;-2,59553056;-45,37130226;29
2109304;210930;4;presidente vargas;ma;-3,402011522;-44,03340187;58
2109452;210945;2;raposa;ma;-2,415074903;-44,10251616;3
2109502;210950;2;riachao;ma;-7,364565;-46,62335014;383
2109551;210955;1;ribamar fiquene;ma;-5,933822859;-47,38347779;156
2109601;210960;1;rosario;ma;-2,941543035;-44,2475186;14
2109700;210970;0;sambaiba;ma;-7,138350897;-45,3442032;212
2109759;210975;9;santa filomena do maranhao;ma;-5,499766807;-44,56371404;180
2109809;210980;9;santa helena;ma;-2,234532509;-45,30516119;29
2109908;210990;8;santa ines;ma;-3,65857452;-45,37827245;24
2110005;211000;5;santa luzia;ma;-3,968391465;-45,66501172;60
2110039;211003;9;santa luzia do parua;ma;-2,546161475;-45,77646156;0
2110203;211020;3;santa rita;ma;-3,134116766;-44,31994808;28
2110302;211030;2;santo antonio dos lopes;ma;-4,873819576;-44,36144743;129
2110500;211050;0;sao bento;ma;-2,6970075;-44,82834518;2
2110658;211065;8;sao domingos do azeitao;ma;-6,80442501;-44,65042391;308
2110708;211070;8;sao domingos do maranhao;ma;-5,565642;-44,39287926;191
2110807;211080;7;sao felix de balsas;ma;-7,084685154;-44,81144766;188
2110856;211085;6;sao francisco do brejao;ma;-5,130200787;-47,3911374;255
2111003;211100;3;sao joao batista;ma;-2,953332912;-44,81176185;29
2111029;211102;9;sao joao do caru;ma;-3,560803407;-46,25492548;50
2111052;211105;2;sao joao do paraiso;ma;-6,466222286;-47,05061042;230
2111078;211107;8;sao joao do soter;ma;-5,115739264;-43,8181818;153
2111201;211120;1;sao jose de ribamar;ma;-2,55585852;-44,05754812;20
2111250;211125;0;sao jose dos basilios;ma;-5,048687245;-44,58244652;80
2111300;211130;0;sao luis;ma;-2,531885985;-44,29791856;24
2111409;211140;9;sao luis gonzaga do maranhao;ma;-4,373918491;-44,6627085;44
2111508;211150;8;sao mateus do maranhao;ma;-4,03455051;-44,46856281;44
2111532;211153;2;sao pedro da agua branca;ma;-5,088910997;-48,42362359;171
2111573;211157;3;sao pedro dos crentes;ma;-6,828555641;-46,53258035;342
2111607;211160;7;sao raimundo das mangabeiras;ma;-7,026962657;-45,48483143;225
2111631;211163;1;sao raimundo do doca bezerra;ma;-5,103181845;-45,08416279;180
2111672;211167;2;sao roberto;ma;-5,017366882;-44,99190116;100
2111706;211170;6;sao vicente ferrer;ma;-2,890731064;-44,88690458;16
2111722;211172;2;satubinha;ma;-4,035735495;-45,23362958;0
2111748;211174;8;senador alexandre costa;ma;-5,261076544;-44,05630151;149
2111763;211176;3;senador la rocque;ma;-5,441832495;-47,28919142;180
2111789;211178;9;serrano do maranhao;ma;-1,852645542;-45,11464085;0
2111805;211180;5;sitio novo;ma;-5,870629891;-46,69498334;260
2111904;211190;4;sucupira do norte;ma;-6,478284448;-44,18860271;485
2112001;211200;1;tasso fragoso;ma;-8,479831018;-45,74412352;242
2112100;211210;0;timbiras;ma;-4,253840505;-43,93843397;49
2112233;211223;3;trizidela do vale;ma;-4,570126857;-44,6106852;0
2112274;211227;4;tufilandia;ma;-3,676404118;-45,63391648;0
2112308;211230;8;tuntum;ma;-5,24965554;-44,64901215;320
2112407;211240;7;turiacu;ma;-1,669022048;-45,36915242;5
2112456;211245;6;turilandia;ma;-2,228833525;-45,30676531;0
2112704;211270;4;vargem grande;ma;-3,541896;-43,91666449;43
2112803;211280;3;viana;ma;-3,214562513;-45,0013067;22
2112852;211285;2;vila nova dos martirios;ma;-5,183511519;-48,13892648;307
2112902;211290;2;vitoria do mearim;ma;-3,482047365;-44,86957224;13
2113009;211300;9;vitorino freire;ma;-4,2911865;-45,24418514;50
2114007;211400;7;ze doca;ma;-3,2754805;-45,65769786;0
5100102;510010;2;acorizal;mt;-15,19788998;-56,37155257;164
5100201;510020;1;agua boa;mt;-14,0490868;-52,1589153;400
5100250;510025;0;alta floresta;mt;-9,871722597;-56,09161044;283
5100300;510030;0;alto araguaia;mt;-17,31558994;-53,22026033;692
5100359;510035;9;alto boa vista;mt;-11,67674516;-51,37932207;0
5100409;510040;9;alto garcas;mt;-16,94672218;-53,52845412;754
5100508;510050;8;alto paraguai;mt;-14,51471181;-56,49444166;238
5100607;510060;7;alto taquari;mt;-17,83474365;-53,28199312;851
5100805;510080;5;apiacas;mt;-9,565495169;-57,39540224;220
5101001;510100;1;araguaiana;mt;-15,7312435;-51,83362165;269
5101209;510120;9;araguainha;mt;-16,85754554;-53,03561988;462
5101258;510125;8;araputanga;mt;-15,46814427;-58,34836715;200
5101308;510130;8;arenapolis;mt;-14,45552167;-56,84448924;247
5101407;510140;7;aripuana;mt;-10,1725237;-59,44861638;105
5101605;510160;5;barao de melgaco;mt;-16,19509945;-55,96712113;156
5101704;510170;4;barra do bugres;mt;-15,06625794;-57,18640869;171
5101803;510180;3;barra do garcas;mt;-15,88871145;-52,26032976;318
5101852;510185;2;bom jesus do araguaia;mt;-12,17359834;-51,50363923;0
5101902;510190;2;brasnorte;mt;-12,12493814;-58,00267363;317
5102504;510250;4;caceres;mt;-16,07409563;-57,67476231;118
5102603;510260;3;campinapolis;mt;-14,53961743;-52,79749475;450
5102637;510263;7;campo novo do parecis;mt;-13,65473317;-57,88854648;572
5102678;510267;8;campo verde;mt;-15,55370427;-55,17165541;736
5102686;510268;6;campos de julio;mt;-13,71992305;-59,26340852;0
5102694;510269;4;canabrava do norte;mt;-11,04618692;-51,83775801;225
5102702;510270;2;canarana;mt;-13,55922951;-52,27345686;420
5102793;510279;3;carlinda;mt;-9,966665793;-55,82161478;290
5102850;510285;0;castanheira;mt;-11,13410786;-58,61340926;400
5103007;510300;7;chapada dos guimaraes;mt;-15,46056968;-55,74500452;811
5103056;510305;6;claudia;mt;-11,50531074;-54,87418245;368
5103106;510310;6;cocalinho;mt;-14,39036554;-51,01124364;241
5103205;510320;5;colider;mt;-10,80408978;-55,46423054;265
5103254;510325;4;colniza;mt;-9,457903847;-59,21894867;0
5103304;510330;4;comodoro;mt;-13,66055992;-59,79043099;600
5103353;510335;3;confresa;mt;-10,64073058;-51,57103362;240
5103361;510336;1;conquista d'oeste;mt;-14,53627281;-59,54507421;0
5103379;510337;9;cotriguacu;mt;-9,886253872;-58,60689497;200
5103403;510340;3;cuiaba;mt;-15,56998901;-56,07325204;176
5103437;510343;7;curvelandia;mt;-15,60930617;-57,91711498;0
5103452;510345;2;denise;mt;-14,73381592;-57,05377727;211
5103502;510350;2;diamantino;mt;-14,40132296;-56,43356608;269
5103601;510360;1;dom aquino;mt;-15,80745515;-54,91748078;283
5103700;510370;0;feliz natal;mt;-12,38324703;-54,93390407;370
5103809;510380;9;figueiropolis d'oeste;mt;-15,44613511;-58,73782455;300
5103858;510385;8;gaucha do norte;mt;-13,18804319;-53,26151867;0
5103908;510390;8;general carneiro;mt;-15,70704179;-52,75930983;343
5103957;510395;7;gloria d'oeste;mt;-15,76796231;-58,31448559;0
5104104;510410;4;guaranta do norte;mt;-9,954073234;-54,91605731;345
5104203;510420;3;guiratinga;mt;-16,34838927;-53,76096403;510
5104500;510450;0;indiavai;mt;-15,49751423;-58,57399239;215
5104526;510452;6;ipiranga do norte;mt;-12,236842;-56,15979314;
5104542;510454;2;itanhanga;mt;-12,23476872;-56,64934361;
5104559;510455;9;itauba;mt;-11,0077119;-55,24668933;240
5104609;510460;9;itiquira;mt;-17,20682506;-54,1443009;522
5104807;510480;7;jaciara;mt;-15,96483818;-54,96418818;367
5104906;510490;6;jangada;mt;-15,23968723;-56,49019456;178
5105002;510500;2;jauru;mt;-15,34189638;-58,8798384;405
5105101;510510;1;juara;mt;-11,25035998;-57,51312322;292
5105150;510515;0;juina;mt;-11,42201803;-58,76221715;442
5105176;510517;6;juruena;mt;-10,32911278;-58,49630917;300
5105200;510520;0;juscimeira;mt;-16,04468519;-54,88876094;251
5105234;510523;4;lambari d'oeste;mt;-15,31550124;-58,00582518;186
5105259;510525;9;lucas do rio verde;mt;-13,07046495;-55,92177071;390
5105309;510530;9;luciara;mt;-11,2280971;-50,66320158;197
5105507;510550;7;vila bela da santissima trindade;mt;-15,00932448;-59,9525582;198
5105580;510558;0;marcelandia;mt;-11,08059141;-54,51930623;290
5105606;510560;6;matupa;mt;-10,17210747;-54,93180572;280
5105622;510562;2;mirassol d'oeste;mt;-15,67407078;-58,09790357;260
5105903;510590;3;nobres;mt;-14,72450027;-56,33408483;200
5106000;510600;0;nortelandia;mt;-14,45372456;-56,80206898;244
5106109;510610;9;nossa senhora do livramento;mt;-15,78967621;-56,34525856;232
5106158;510615;8;nova bandeirantes;mt;-9,84295282;-57,8184758;200
5106174;510617;4;nova nazare;mt;-13,98786727;-51,79743422;0
5106182;510618;2;nova lacerda;mt;-14,46978899;-59,5903305;190
5106190;510619;0;nova santa helena;mt;-10,85099998;-55,18368574;0
5106208;510620;8;nova brasilandia;mt;-14,92546446;-54,97190887;540
5106216;510621;6;nova canaa do norte;mt;-10,63110423;-55,71487731;301
5106224;510622;4;nova mutum;mt;-13,83272569;-56,11000525;460
5106232;510623;2;nova olimpia;mt;-14,77941424;-57,28292396;228
5106240;510624;0;nova ubirata;mt;-13,03382772;-55,27321332;400
5106257;510625;7;nova xavantina;mt;-14,66917952;-52,36119267;275
5106265;510626;5;novo mundo;mt;-9,977109194;-55,17201893;330
5106273;510627;3;novo horizonte do norte;mt;-11,38763478;-57,31747511;220
5106281;510628;1;novo sao joaquim;mt;-14,88656526;-53,01611551;400
5106299;510629;9;paranaita;mt;-9,669655499;-56,47889972;249
5106307;510630;7;paranatinga;mt;-14,42769848;-54,05409199;460
5106315;510631;5;novo santo antonio;mt;-12,29469348;-50,96917265;0
5106372;510637;2;pedra preta;mt;-16,62221042;-54,47139564;248
5106422;510642;2;peixoto de azevedo;mt;-10,24484208;-54,9922974;346
5106455;510645;5;planalto da serra;mt;-14,66070594;-54,78349575;319
5106505;510650;5;pocone;mt;-16,25950947;-56,62650935;142
5106653;510665;3;pontal do araguaia;mt;-15,90247134;-52,25851111;370
5106703;510670;3;ponte branca;mt;-16,76764801;-52,83577573;424
5106752;510675;2;pontes e lacerda;mt;-15,22972757;-59,33800184;254
5106778;510677;8;porto alegre do norte;mt;-10,87754848;-51,63087982;205
5106802;510680;2;porto dos gauchos;mt;-11,53384003;-57,40835384;259
5106828;510682;8;porto esperidiao;mt;-15,85763486;-58,46929874;160
5106851;510685;1;porto estrela;mt;-15,33133631;-57,2013573;134
5107008;510700;8;poxoreo;mt;-15,81813556;-54,40073266;360
5107040;510704;0;primavera do leste;mt;-15,55229359;-54,30005326;465
5107065;510706;5;querencia;mt;-12,59229963;-52,20989192;0
5107107;510710;7;sao jose dos quatro marcos;mt;-15,62710574;-58,17650594;230
5107156;510715;6;reserva do cabacal;mt;-15,12240953;-58,38536453;335
5107180;510718;0;ribeirao cascalheira;mt;-12,93204856;-51,83336335;386
5107198;510719;8;ribeiraozinho;mt;-16,48652591;-52,69544173;477
5107206;510720;6;rio branco;mt;-15,23568281;-58,11793935;180
5107248;510724;8;santa carmem;mt;-11,96968556;-55,28222271;386
5107263;510726;3;santo afonso;mt;-14,49077682;-57,00050364;400
5107297;510729;7;sao jose do povo;mt;-16,46633031;-54,25624637;281
5107305;510730;5;sao jose do rio claro;mt;-13,45206834;-56,72158376;350
5107354;510735;4;sao jose do xingu;mt;-10,80026416;-52,73979364;337
5107404;510740;4;sao pedro da cipa;mt;-16,00270852;-54,91899318;264
5107578;510757;8;rondolandia;mt;-10,84430197;-61,45967817;0
5107602;510760;2;rondonopolis;mt;-16,47016287;-54,63358704;227
5107701;510770;1;rosario oeste;mt;-14,82642757;-56,42829321;192
5107743;510774;3;santa cruz do xingu;mt;-10,1524495;-52,39861597;0
5107750;510775;0;salto do ceu;mt;-15,13582457;-58,12675181;300
5107768;510776;8;santa rita do trivelato;mt;-13,81618973;-55,27769288;0
5107776;510777;6;santa terezinha;mt;-10,46611162;-50,50626644;198
5107792;510779;2;santo antonio do leste;mt;-14,8008134;-53,61172385;0
5107800;510780;0;santo antonio do leverger;mt;-15,86917904;-56,0941622;141
5107859;510785;9;sao felix do araguaia;mt;-11,61608233;-50,66198637;195
5107875;510787;5;sapezal;mt;-13,53819535;-58,81213801;370
5107883;510788;3;serra nova dourada;mt;-12,08927184;-51,39959341;0
5107909;510790;9;sinop;mt;-11,85800531;-55,500922;345
5107925;510792;5;sorriso;mt;-12,55177671;-55,72591368;365
5107941;510794;1;tabapora;mt;-11,30750796;-56,8248338;0
5107958;510795;8;tangara da serra;mt;-14,62378475;-57,49129915;387
5108006;510800;6;tapurah;mt;-12,73206863;-56,5194859;393
5108055;510805;5;terra nova do norte;mt;-10,59712809;-55,11595149;250
5108105;510810;5;tesouro;mt;-16,0752374;-53,55584396;410
5108204;510820;4;torixoreu;mt;-16,19752636;-52,55883864;335
5108303;510830;3;uniao do sul;mt;-11,53551075;-54,37484441;350
5108352;510835;2;vale de sao domingos;mt;-15,29589784;-59,06457116;0
5108402;510840;2;varzea grande;mt;-15,65806482;-56,14466374;190
5108501;510850;1;vera;mt;-12,28404886;-55,30091857;383
5108600;510860;0;vila rica;mt;-10,01335218;-51,11682258;255
5108808;510880;8;nova guarita;mt;-10,30884643;-55,40307014;300
5108857;510885;7;nova marilandia;mt;-14,36245127;-56,97317679;300
5108907;510890;7;nova maringa;mt;-13,01142695;-57,09855167;370
5108956;510895;6;nova monte verde;mt;-9,972616927;-57,47236931;330
